iso2c,country,year,FP.CPI.TOTL.ZG,FR.INR.RINR,SL.UEM.TOTL.ZS,NE.GDI.TOTL.ZS,NY.GNS.ICTR.ZS,NY.GDP.PCAP.PP.CD,NY.GNP.PCAP.PP.CD,SP.DYN.LE00.IN,SL.TLF.CACT.FE.ZS,SG.GEN.PARL.ZS,SP.ADO.TFRT,SH.DYN.MORT,SH.STA.MMRT,SI.POV.DDAY,SE.XPD.TOTL.GD.ZS,EG.ELC.ACCS.ZS,EN.ATM.CO2E.PC,EG.USE.ELEC.KH.PC,EG.FEC.RNEW.ZS,SP.POP.GROW,SP.RUR.TOTL.ZS,SP.URB.TOTL.IN.ZS
BR,Brazil,1960,NA,NA,NA,17.5232269408406,NA,NA,NA,54.143,NA,NA,89.8818,169.8,NA,NA,NA,NA,NA,NA,NA,NA,53.861,46.139
BR,Brazil,1961,NA,NA,NA,18.8354665120659,NA,NA,NA,54.634,NA,NA,89.7404,165.2,NA,NA,NA,NA,NA,NA,NA,2.91111370045392,52.878,47.122
BR,Brazil,1962,NA,NA,NA,20.3126738423307,NA,NA,NA,55.13,NA,NA,89.599,160.7,NA,NA,NA,NA,NA,NA,NA,2.92144928229548,51.901,48.099
BR,Brazil,1963,NA,NA,NA,19.0396965842808,NA,NA,NA,55.627,NA,NA,88.102,156.5,NA,NA,NA,NA,NA,NA,NA,2.90877868324164,50.922,49.078
BR,Brazil,1964,NA,NA,NA,18.8226041657334,NA,NA,NA,56.121,NA,NA,86.605,152.7,NA,NA,NA,NA,NA,NA,NA,2.86802049596373,49.941,50.059
BR,Brazil,1965,NA,NA,NA,19.4218502397387,NA,NA,NA,56.61,NA,NA,85.108,149.2,NA,NA,NA,NA,NA,NA,NA,2.80848866043068,48.963,51.037
BR,Brazil,1966,NA,NA,NA,19.0343850340575,NA,NA,NA,57.091,NA,NA,83.611,146,NA,NA,NA,NA,NA,NA,NA,2.74810990893136,47.984,52.016
BR,Brazil,1967,NA,NA,NA,16.6495536472918,NA,NA,NA,57.563,NA,NA,82.114,142.8,NA,NA,NA,NA,NA,NA,NA,2.69317123492541,47.007,52.993
BR,Brazil,1968,NA,NA,NA,18.8871335395952,NA,NA,NA,58.025,NA,NA,80.4488,139.7,NA,NA,NA,NA,NA,NA,NA,2.63576054493739,46.03,53.97
BR,Brazil,1969,NA,NA,NA,22.5249333862905,NA,NA,NA,58.475,NA,NA,78.7836,136.5,NA,NA,NA,NA,NA,NA,NA,2.57697928416231,45.06,54.94
BR,Brazil,1970,NA,NA,NA,20.5420007091554,NA,NA,NA,58.911,NA,NA,77.1184,133.1,NA,NA,NA,NA,NA,NA,NA,2.51973259689862,44.091,55.909
BR,Brazil,1971,NA,NA,NA,21.2625148787298,NA,NA,NA,59.332,NA,NA,75.4532,129.7,NA,NA,NA,NA,NA,459.885653003775,NA,2.46088206594157,43.106,56.894
BR,Brazil,1972,NA,NA,NA,21.2085471898153,NA,NA,NA,59.739,NA,NA,73.788,126.3,NA,NA,NA,NA,NA,499.041712532827,NA,2.40858112371131,42.121,57.879
BR,Brazil,1973,NA,NA,NA,22.0447346391829,NA,NA,NA,60.132,NA,NA,73.808,122.9,NA,NA,NA,NA,NA,554.628192626451,NA,2.37505943317405,41.145,58.855
BR,Brazil,1974,NA,NA,NA,24.3114640242604,NA,NA,NA,60.513,NA,NA,73.828,119.5,NA,NA,NA,NA,NA,604.978542195685,NA,2.36445952740343,40.174,59.826
BR,Brazil,1975,NA,NA,NA,25.6975921331099,20.6224312680419,NA,NA,60.884,NA,NA,73.848,116.1,NA,NA,NA,NA,NA,651.496640773785,NA,2.36891744853887,39.211,60.789
BR,Brazil,1976,NA,NA,NA,23.0421198404484,19.1629845442635,NA,NA,61.243,NA,NA,73.868,112.6,NA,NA,NA,NA,NA,722.081419776129,NA,2.37305987696124,38.255,61.745
BR,Brazil,1977,NA,NA,NA,22.0475188520747,19.7638680036014,NA,NA,61.595,NA,NA,73.888,108.9,NA,NA,NA,NA,NA,790.221838852917,NA,2.37117800852022,37.311,62.689
BR,Brazil,1978,NA,NA,NA,23.0331267356395,19.5403652959114,NA,NA,61.942,NA,NA,75.0802,104.9,NA,NA,NA,NA,NA,860.302326006832,NA,2.36953021776687,36.375,63.625
BR,Brazil,1979,NA,NA,NA,23.1379277243404,18.3213623473092,NA,NA,62.286,NA,NA,76.2724,100.7,NA,NA,NA,NA,NA,941.699146744529,NA,2.36685648546638,35.449,64.551
BR,Brazil,1980,NA,NA,NA,23.1135062558596,17.6895792865625,NA,NA,62.63,NA,NA,77.4646,96.3,NA,NA,NA,NA,NA,1016.65358510081,NA,2.36048298160519,34.532,65.468
BR,Brazil,1981,101.725072957927,NA,NA,23.580302746211,19.0398040162808,NA,NA,62.976,NA,NA,78.6568,91.9,NA,23.9,NA,NA,NA,1021.54783486168,NA,2.35519271179313,33.63,66.37
BR,Brazil,1982,100.54335919485,NA,NA,21.8998565393313,15.8778074688358,NA,NA,63.326,NA,NA,79.849,87.7,NA,24.4,NA,NA,NA,1055.95076589237,NA,2.3418599871497,32.738,67.262
BR,Brazil,1983,135.027682230472,NA,NA,17.8825127668248,14.2758169983001,NA,NA,63.68,NA,NA,80.2314,83.8,NA,30.6,NA,NA,NA,1111.75216242806,NA,2.3056508784628,31.858,68.142
BR,Brazil,1984,192.121733132051,NA,NA,17.4692254111657,17.4886787327515,NA,NA,64.039,NA,NA,80.6138,80.3,NA,29.9,NA,NA,NA,1208.62431197938,NA,2.24179825511662,30.99,69.01
BR,Brazil,1985,225.989665211895,NA,NA,20.299093219092,20.1974817258784,NA,NA,64.406,NA,NA,80.9962,77,NA,25.8,NA,NA,NA,1283.05434530279,NA,2.1599430128608,30.138,69.862
BR,Brazil,1986,147.142826237605,NA,NA,19.9608396615159,17.9073822987826,NA,NA,64.782,NA,NA,81.3786,74,NA,12.3,NA,NA,NA,1354.5034366536,NA,2.07396482803476,29.297,70.703
BR,Brazil,1987,228.336162575513,NA,NA,23.1736016647865,22.6652092275111,NA,NA,65.165,NA,NA,81.761,71.2,NA,19.9,NA,NA,NA,1368.10847340331,NA,1.99482299617363,28.471,71.529
BR,Brazil,1988,629.114509120897,NA,NA,24.3442266859346,25.6592870170912,NA,NA,65.553,NA,NA,82.1542,68.5,NA,22.4,NA,NA,NA,1419.63059234372,NA,1.92323343061383,27.658,72.342
BR,Brazil,1989,1430.7237251472,NA,NA,26.9027870382664,35.8187272597223,NA,NA,65.947,NA,NA,82.5474,65.8,NA,20.4,NA,NA,NA,1449.93137178757,NA,1.86295843597935,26.861,73.139
BR,Brazil,1990,2947.73277248299,NA,NA,20.1677089633283,18.9527912240979,6693.59288079069,6520,66.343,41.3839988708496,NA,82.9406,63.1,NA,24,NA,87.475116,1.32815917239375,1460.76032918079,49.8646749269456,1.81151883766468,26.078,73.922
BR,Brazil,1991,432.786661926461,NA,6.31400012969971,19.7687691068786,18.7328827519476,6869.44971000108,6720,66.742,41.4609985351563,NA,83.3338,60.4,NA,NA,NA,90.6065444946289,1.35497989103147,1486.22460959873,48.9381684945205,1.75941419381772,25.31,74.69
BR,Brazil,1992,951.962053052818,NA,6.42000007629395,18.9345408984019,20.1983926234314,6869.47954437517,6740,67.141,42.701000213623,NA,83.727,57.4,NA,23.3,NA,88.803833,1.34753554244111,1494.06147627377,48.7011826727019,1.70733923298647,24.556,75.444
BR,Brazil,1993,1927.38079016026,NA,6.03000020980835,20.8463552334012,20.2543568169101,7256.80191007946,7080,67.539,43.9469985961914,NA,83.834,54.3,NA,22.1,NA,89.999927,1.37240200430623,1537.59263856979,48.199088014585,1.66486231216782,23.819,76.181
BR,Brazil,1994,2075.88839757325,NA,6.16900014877319,22.1455629464805,21.2903605322723,7718.42782231049,7590,67.932,45.2000007629395,NA,83.941,51.1,NA,NA,NA,91.8837280273438,1.39557303034609,1566.76123132243,48.3500085183815,1.6337888839804,23.097,76.903
BR,Brazil,1995,66.0070335542481,NA,6.42000007629395,17.2923463468196,14.4393625440584,8081.97308827582,7970,68.318,46.4580001831055,NA,84.048,48,NA,14.7,4.56816005706787,91.728598,1.48919988458948,1634.3981077533,46.1343566508084,1.60971030654546,22.39,77.61
BR,Brazil,1996,15.7576656002606,NA,7.25,17.2669463783506,14.0413210171264,8279.14704427016,8170,68.695,45.2350006103516,NA,84.155,45,NA,16,NA,92.867095,1.59408624316997,1687.08523824139,44.5328823904229,1.58883830194468,21.698,78.302
BR,Brazil,1997,6.92671251629151,65.4088449823572,8.15999984741211,17.7639856150889,13.7111585065218,8572.71835225167,8430,69.061,46.1549987792969,6.62768031189084,84.262,42.2,NA,16,NA,93.354139,1.68250466544735,1762.41062938664,43.7251083730704,1.56373197369546,20.952,79.048
BR,Brazil,1998,3.19507629280056,77.6168379916665,9.42000007629395,18.1647519173076,13.8904528888901,8566.5320999627,8390,69.419,46.9490013122559,6.62768031189084,83.578,39.6,NA,14.3,4.75665998458862,94.193812,1.71151495707345,1808.34315451413,43.8615767414815,1.52896188133332,20.219,79.781
BR,Brazil,1999,4.85844749902668,67.060917103827,10.210000038147,17.3895597433765,12.736901428094,8599.58815092424,8330,69.769,48.1189994812012,5.65302144249513,82.894,37.1,NA,15,3.80062007904053,94.76296,1.7465315453855,1832.37830625368,44.0972758704006,1.48110975211591,19.504,80.496
BR,Brazil,2000,7.04414105947266,48.5047281831843,9.56099987030029,18.90311926897,14.2044422038462,9050.49404752227,8810,70.116,49.4790000915527,5.65302144249513,82.21,34.7,69,NA,3.94893002510071,94.391716003418,1.79454998368073,1897.3531483339,42.66,1.42416744229362,18.808,81.192
BR,Brazil,2001,6.84035902487525,45.6378187168126,9.60999965667725,18.7418602932515,13.3936112803473,9255.63475922544,8940,70.462,50.8380012512207,6.82261208576998,81.526,32.5,68,13,3.84468007087708,96.0165252685547,1.8024103708722,1747.93963100227,41.33,1.36695595542708,18.447,81.553
BR,Brazil,2002,8.4501643770833,48.3404374497978,9.36999988555908,17.4490794845036,15.2851621574432,9560.57506674847,9230,70.813,52.1910018920898,6.23781676413255,80.842,30.4,69,11.7,3.75037002563477,96.6529922485352,1.76988077175168,1806.66968430883,42.85,1.31274754952678,18.12,81.88
BR,Brazil,2003,14.7149197228147,46.447398837078,9.98999977111816,16.8566883977988,16.3427361565958,9737.27737950327,9420,71.17,52.4420013427734,8.57699805068226,78.904,28.4,70,12.6,NA,96.980094909668,1.70953902409161,1882.2640283351,45.11,1.25737996705435,17.797,82.203
BR,Brazil,2004,6.59718509985962,43.7791527215815,9.10999965667725,17.912568341939,18.805225301241,10448.3133354162,10130,71.531,53.5149993896484,8.57699805068226,76.966,26.5,71,11.1,3.97447991371155,96.7651062011719,1.78537185646421,1956.1593806705,45.18,1.20129414101631,17.479,82.521
BR,Brazil,2005,6.86953720898965,44.6351688608229,9.56999969482422,17.2048834643899,18.1389433081037,10994.3076723666,10680,71.896,54.6180000305176,8.57699805068226,75.028,24.8,71,10,4.47908020019531,97.0935134887695,1.78206176416498,2015.79986940967,46.13,1.14588477164177,17.166,82.834
BR,Brazil,2006,4.18356812896902,41.2403264527182,8.64000034332275,17.816473927358,18.4759195581657,11654.82481448,11370,72.26,54.3680000305176,8.7719298245614,73.09,23.2,72,8.3,4.87060022354126,97.5943145751953,1.78362500065135,2072.36268025729,46.67,1.09019257285986,16.857,83.143
BR,Brazil,2007,3.64127299102654,35.0225154667512,8.32999992370605,19.8193259911077,19.3947432570891,12565.261396892,12300,72.618,54.1720008850098,8.96686159844054,71.152,21.8,71,7.9,4.97425985336304,98.1253814697266,1.85430585595376,2167.60656085352,47.19,1.03786468320243,16.552,83.448
BR,Brazil,2008,5.67859390284171,35.3667577983698,7.34000015258789,21.6193828308962,19.2137167495658,13325.4728447192,13000,72.966,53.8720016479492,8.96686159844054,69.7322,20.6,70,6.5,5.26883983612061,98.5266265869141,1.94568192754234,2229.84529915118,47.04,0.994310571973971,16.251,83.749
BR,Brazil,2009,4.88803479876804,34.7920096326063,8.52000045776367,18.7961350771854,16.4945722497417,13265.7850673626,12990,73.3,54.3250007629395,8.7719298245614,68.3124,19.5,69,6.1,5.46355009078979,98.8569412231445,1.80517978804146,2197.12558127756,48.92,0.961946715342144,15.956,84.044
BR,Brazil,2010,5.03872690108066,29.1158055222954,7.27400016784668,21.8013215924819,17.7112497686614,14301.1226835073,13850,73.619,52.9309997558594,8.57699805068226,66.8926,18.6,65,NA,5.64879989624023,98.5999984741211,2.03322568000604,2374.1166283676,46.81,0.937959306704135,15.665,84.335
BR,Brazil,2011,6.63644962213085,32.8334595068102,6.92000007629395,21.8262711244114,18.5055724255234,15040.0610864372,14640,73.921,51.5299987792969,8.57699805068226,65.4728,17.9,61,5.3,5.73741006851196,99.3286895751953,2.11786937529118,2430.80330981809,45.26,0.915965178459778,15.369,84.631
BR,Brazil,2012,5.40349914037009,26.5820905299539,7.19000005722046,21.4172253821104,17.5820508783995,15046.2901818178,14660,74.209,51.4379997253418,8.57699805068226,64.053,17.2,60,4.5,5.85510015487671,99.5194931030273,2.2792723330614,2501.47410302509,43.49,0.893525506727112,15.077,84.923
BR,Brazil,2013,6.204310666401,18.4988444176149,6.98000001907349,21.6937669581909,18.0253830474423,15588.7261289147,15350,74.483,51.2960014343262,8.57699805068226,63.0646,16.7,61,3.7,5.8388500213623,99.5751495361328,2.42165696102668,2568.82969521703,42.32,0.873605695817564,14.791,85.209
BR,Brazil,2014,6.32904015516142,22.4036724414727,6.65999984741211,20.5484107687266,15.9853880780719,15718.5649500141,15400,74.745,51.2519989013672,9.94152046783626,62.0762,16.3,62,3.3,5.94848012924194,99.6502456665039,2.52323213718715,2619.96049944708,41.71,0.855795964130977,14.508,85.492
BR,Brazil,2015,9.02990102416129,33.8323439650208,8.43000030517578,17.4116258675595,14.3061175980173,14744.1136344695,14430,74.994,51.7430000305176,9.94152046783626,61.0878,15.9,63,3.9,6.24105978012085,99.7108993530273,2.37362850846258,NA,43.62,0.838838953278811,14.23,85.77
BR,Brazil,2016,8.73914352329393,40.6983614511794,11.6000003814697,14.9695469663784,13.2298211839632,14256.163385421,13930,75.23,51.7130012512207,9.94152046783626,60.0994,16.7,62,4.7,6.314040184021,99.6999969482422,2.16857469639112,NA,45.46,0.823752152538353,13.958,86.042
BR,Brazil,2017,3.44637335032672,41.7138078718344,12.8199996948242,14.6255875996813,13.3552320334887,14524.6135408174,14220,75.456,52.6240005493164,10.7212475633528,59.111,15.4,60,5.3,6.32047986984253,99.8000030517578,2.19641817319378,NA,45.33,0.807145245445964,13.691,86.309
BR,Brazil,2018,3.66485028376724,33.1023342476972,12.3299999237061,15.0950416280749,12.4194019244415,15018.6824011943,14560,75.672,52.757999420166,15.009746588694,57.8858,15.2,NA,5.3,6.08851003646851,99.6999969482422,2.07185467654344,NA,46.95,0.783844259734468,13.431,86.569
BR,Brazil,2019,3.73297621216894,31.9030727496914,11.9300003051758,15.5167908262957,11.8783062134955,15358.0894882281,14890,75.881,53.4360008239746,15.009746588694,56.6606,14.9,NA,5.4,NA,99.8000030517578,2.05781083913756,NA,47.57,0.751550842096973,13.176,86.824
BR,Brazil,2020,3.21176803803379,22.73292154492,13.6899995803833,15.9306220546893,14.1506086552271,14834.1937022808,14440,76.084,47.7099990844727,14.6198830409357,55.4354,14.7,NA,1.9,NA,100,NA,NA,NA,0.712872791114979,12.927,87.073
BR,Brazil,2021,8.30165975585676,17.03052598466,14.4029998779297,18.9197501560449,17.0060754958837,16056.0161749037,15550,NA,49.1100006103516,15.2046783625731,NA,NA,NA,NA,NA,NA,NA,NA,NA,0.672384396316085,12.683,87.317
CN,China,1960,NA,NA,NA,39.5846457791987,NA,NA,NA,43.725,NA,NA,68.0544,NA,NA,NA,NA,NA,NA,NA,NA,NA,83.797,16.203
CN,China,1961,NA,NA,NA,22.8052632719305,NA,NA,NA,44.051,NA,NA,66.6162,NA,NA,NA,NA,NA,NA,NA,NA,-1.01552778731319,83.292,16.708
CN,China,1962,NA,NA,NA,15.7373205902599,NA,NA,NA,44.783,NA,NA,65.178,NA,NA,NA,NA,NA,NA,NA,NA,0.820455548748518,82.774,17.226
CN,China,1963,NA,NA,NA,21.7618630377313,NA,NA,NA,45.972,NA,NA,62.4794,NA,NA,NA,NA,NA,NA,NA,NA,2.45764740395145,82.243,17.757
CN,China,1964,NA,NA,NA,24.3474435131642,NA,NA,NA,47.592,NA,NA,59.7808,NA,NA,NA,NA,NA,NA,NA,NA,2.32068298706855,81.701,18.299
CN,China,1965,NA,NA,NA,27.1014317358708,NA,NA,NA,49.549,NA,NA,57.0822,NA,NA,NA,NA,NA,NA,NA,NA,2.38136810251949,81.914,18.086
CN,China,1966,NA,NA,NA,30.4544500926563,NA,NA,NA,51.696,NA,NA,54.3836,NA,NA,NA,NA,NA,NA,NA,NA,2.78733183821693,82.085,17.915
CN,China,1967,NA,NA,NA,23.8625949169546,NA,NA,NA,53.847,NA,NA,51.685,NA,NA,NA,NA,NA,NA,NA,NA,2.5706976197388,82.215,17.785
CN,China,1968,NA,NA,NA,24.935381595092,NA,NA,NA,55.843,NA,NA,47.3522,NA,NA,NA,NA,NA,NA,NA,NA,2.61090262648529,82.344,17.656
CN,China,1969,NA,NA,NA,25.0087327795332,NA,NA,NA,57.603,NA,NA,43.0194,118.4,NA,NA,NA,NA,NA,NA,NA,2.74000210569558,82.472,17.528
CN,China,1970,NA,NA,NA,32.8694767118481,NA,NA,NA,59.085,NA,NA,38.6866,112.5,NA,NA,NA,NA,NA,NA,NA,2.76167556645304,82.6,17.4
CN,China,1971,NA,NA,NA,33.6378280760308,NA,NA,NA,60.303,NA,NA,34.3538,106.8,NA,NA,1.38873994350433,NA,NA,151.989347346645,NA,2.74691554961857,82.708,17.292
CN,China,1972,NA,NA,NA,31.2483152562294,NA,NA,NA,61.344,NA,NA,30.021,101.3,NA,NA,1.60476005077362,NA,NA,163.911928819183,NA,2.45735692952286,82.816,17.184
CN,China,1973,NA,NA,NA,32.9560233727596,NA,NA,NA,62.281,NA,NA,27.4542,95.7,NA,NA,1.65082001686096,NA,NA,175.933736988911,NA,2.28339536396383,82.816,17.184
CN,China,1974,NA,NA,NA,33.206194444248,NA,NA,NA,63.134,NA,NA,24.8874,90.2,NA,NA,1.76115000247955,NA,NA,174.233353695785,NA,2.06595501335632,82.708,17.292
CN,China,1975,NA,NA,NA,35.0357185622635,NA,NA,NA,63.915,NA,NA,22.3206,84.7,NA,NA,1.70850002765656,NA,NA,199.039715406566,NA,1.76639178162482,82.6,17.4
CN,China,1976,NA,NA,NA,33.2197606069732,NA,NA,NA,64.631,NA,NA,19.7538,79.4,NA,NA,1.81657004356384,NA,NA,204.030364731354,NA,1.54733797287665,82.54,17.46
CN,China,1977,NA,NA,NA,33.87895996,NA,NA,NA,65.278,NA,NA,17.187,74.5,NA,NA,1.74953997135162,NA,NA,220.657053065594,NA,1.36277947570678,82.48,17.52
CN,China,1978,NA,NA,NA,37.6038137258898,NA,NA,NA,65.857,NA,NA,17.4096,70,NA,NA,1.95884001255035,NA,NA,246.555772277797,NA,1.33818233834084,82.1,17.9
CN,China,1979,NA,NA,NA,36.2969031242718,NA,NA,NA,66.377,NA,NA,17.6322,66,NA,NA,2.14805006980896,NA,NA,267.374265354668,NA,1.33392795351687,81.383,18.617
CN,China,1980,NA,1.24163940019064,NA,34.605193076202,NA,NA,NA,66.844,NA,NA,17.8548,62.6,NA,NA,1.91190004348755,NA,NA,281.624687256366,NA,1.25422105193987,80.642,19.358
CN,China,1981,NA,2.62034423009397,NA,32.9487495627914,NA,NA,NA,67.26,NA,NA,18.0774,59.9,NA,NA,1.94880998134613,NA,NA,285.817775698396,NA,1.28095234429252,79.882,20.118
CN,China,1982,NA,7.35067213106412,NA,31.9801024242069,33.8030466362036,NA,NA,67.627,NA,NA,18.3,57.6,NA,NA,2.03448009490967,NA,NA,299.197921933712,NA,1.47267476016581,79.098,20.902
CN,China,1983,NA,5.9740966695744,NA,31.9258628866708,33.1500200520374,NA,NA,67.949,NA,NA,19.9864,55.9,NA,NA,2.07692003250122,NA,NA,317.020257790894,NA,1.4449496950092,78.455,21.545
CN,China,1984,NA,2.14955956380812,NA,34.3784061504283,34.8963146845066,NA,NA,68.231,NA,NA,21.6728,54.8,NA,NA,1.99863004684448,NA,NA,336.411641308803,NA,1.31206876113779,77.797,22.203
CN,China,1985,NA,-2.07731742028397,NA,39.064106893606,35.2791019075981,NA,NA,68.473,NA,NA,23.3592,54.2,NA,NA,2.00814008712769,NA,NA,362.812071852641,NA,1.36169911825369,77.126,22.874
CN,China,1986,NA,3.10596122702334,NA,37.7270016851388,35.250179720443,NA,NA,68.673,NA,NA,25.0456,53.9,NA,NA,2.06154990196228,NA,NA,391.351624968363,NA,1.48739892914903,76.441,23.559
CN,China,1987,7.23383553065604,2.70024322573094,NA,37.3208797769409,37.2337647001473,NA,NA,68.831,NA,NA,26.732,53.9,NA,NA,1.80425000190735,NA,NA,426.554493166734,NA,1.6036050865576,75.741,24.259
CN,China,1988,18.8118179448753,-2.77203311299573,NA,39.0783093902467,37.979192978052,NA,NA,68.954,NA,NA,24.5392,54,NA,NA,1.76417994499207,NA,NA,461.797518222997,NA,1.61007108578698,75.026,24.974
CN,China,1989,18.2456383621648,2.52069311954231,NA,37.2086867816609,35.876590985154,NA,NA,69.054,NA,NA,22.3464,54,NA,NA,NA,NA,NA,487.373173021052,NA,1.53316999599862,74.299,25.701
CN,China,1990,3.05229012075235,3.45164466688337,NA,34.157848854484,36.6941897562451,981.419207412383,980,69.145,73.0220031738281,NA,20.1536,53.7,NA,72,NA,NA,1.91454256354691,510.619854913516,34.083614045282,1.46730321087928,73.558,26.442
CN,China,1991,3.55668565220449,1.80431185412197,2.36999988555908,35.2363600512445,38.5011697355996,1093.56622896778,1100,69.242,72.7779998779297,NA,17.9608,53.2,NA,NA,NA,NA,2.00053876501156,548.953753106589,33.2584735412724,1.36443400840349,72.688,27.312
CN,China,1992,6.3539813402487,0.415635120093234,2.36999988555908,39.0718680056364,40.6055526260245,1262.02548338516,1260,69.355,72.5319976806641,NA,15.768,52.2,NA,NA,1.65455996990204,NA,2.07574443977098,604.693683099136,32.9312779040239,1.2255362283362,71.8,28.2
CN,China,1993,14.6100786356603,-3.65137209028093,2.69000005722046,43.2831497569643,41.7072346173534,1454.49159197342,1450,69.496,72.2850036621094,NA,14.9452,50.9,NA,62.7,1.65785002708435,NA,2.24484063677404,662.63704558569,31.6777918019623,1.14961943083465,70.897,29.103
CN,China,1994,24.2569897243361,-7.98974415423304,2.90000009536743,40.0502854739137,41.6967265938756,1660.34687959376,1660,69.67,72.0370025634766,NA,14.1224,49.3,NA,NA,1.98571002483368,NA,2.32219224976612,727.107359659684,31.2494841669185,1.13026063215591,69.976,30.024
CN,China,1995,16.7912251650917,-1.4126481868056,3,38.8377197998557,39.5300829638964,1860.52506263619,1830,69.885,71.7880020141602,NA,13.2996,47.5,NA,NA,1.84192001819611,NA,2.56347859285972,770.280241190849,29.4721113943924,1.08650915088974,69.039,30.961
CN,China,1996,8.31316028893904,3.35497047251548,3.11999988555908,37.5417204673365,38.7591249294531,2060.86809984499,2030,70.14,71.5380020141602,NA,12.4768,45.6,NA,48.1,1.85338997840881,NA,2.5218758983204,821.080859102296,30.5371754582264,1.04814151412165,68.084,31.916
CN,China,1997,2.78646505531886,6.91169889382912,3.23000001907349,35.5229456528019,39.7422410849678,2266.72883818974,2240,70.428,71.286003112793,NA,11.654,43.5,NA,NA,NA,NA,2.54790155071845,852.740686543503,30.1834816771978,1.02345002419879,67.117,32.883
CN,China,1998,-0.773186011549305,7.35647844630646,3.24000000953674,34.8136823326466,38.3470920755101,2448.48229055564,2410,70.737,71.0329971313477,21.8194024840551,11.073,41.4,NA,NA,1.84432995319366,NA,2.60583685941696,870.617222318398,29.7399014806871,0.959550406298151,66.133,33.867
CN,China,1999,-1.40147268276465,7.20405034066683,3.25,34.1097089114429,36.5579149140542,2650.17868564885,2620,71.063,70.7779998779297,21.8194024840551,10.492,39.1,NA,46,1.88803994655609,NA,2.51741988529098,913.963447975829,30.506048980242,0.865851392993279,65.135,34.865
CN,China,2000,0.347811226864599,3.71066408172257,3.25999999046326,33.5730284937681,35.739546986303,2917.24252974442,2880,71.397,70.5220031738281,21.7828418230563,9.911,36.7,59,NA,NA,97.0217971801758,2.65041242787957,992.943384720171,29.63,0.787956592953992,64.123,35.877
CN,China,2001,0.719125609120107,3.72666388975553,3.79999995231628,35.5415967198136,37.2692998228601,3208.22995656918,3160,71.732,69.8679962158203,21.7828418230563,9.33,34.1,55,NA,NA,97.2727890014648,2.77476117466682,1076.54912135865,28.36,0.726380637838525,62.907,37.093
CN,China,2002,-0.731970902350276,4.67972434486251,4.23999977111816,36.1534434433744,38.8832254801888,3532.08165145822,3500,72.061,69.2060012817383,21.7828418230563,8.749,31.5,51,36.5,NA,97.5162048339844,2.97567952092608,1194.85629490784,27,0.669999567758626,61.575,38.425
CN,China,2003,1.12760348729636,2.63814663563092,4.57999992370605,39.6201305878555,42.4134996454231,3938.73027446337,3910,72.381,68.536003112793,20.2345058626466,8.4572,28.8,48,NA,NA,97.7543792724609,3.4274372526001202,1379.48463210183,23.86,0.622860936133583,60.224,39.776
CN,China,2004,3.82463743108159,-1.28281170464587,4.48999977111816,41.8471972608319,45.6723671935878,4427.13100315158,4420,72.689,67.8570022583008,20.2345058626466,8.1654,26.3,46,NA,NA,97.9896697998047,3.9541074584563,1585.83878247787,20.17,0.593932815112141,58.856,41.144
CN,China,2005,1.77641407667574,1.61327750270832,4.51999998092651,40.3461495465791,45.9547821461238,5056.40472408493,5020,72.985,67.1699981689453,20.2684563758389,7.8736,24,44,22.1,2.39000010490417,98.2244262695313,4.46770002977058,1782.31215291627,17.44,0.588124989556992,57.478,42.522
CN,China,2006,1.64943099455862,2.11057772637347,4.42999982833862,39.9103386970019,48.2605005639481,5842.77863595453,5830,73.271,66.4759979248047,20.2684563758389,7.5818,21.9,42,NA,2.44000005722046,98.461051940918,4.91027613220527,2039.0146603408,16.39,0.558374367373002,56.132,43.868
CN,China,2007,4.81676767378831,-0.259570586468016,4.34999990463257,40.4821901688549,50.2752218196423,6818.923409237,6830,73.553,65.7740020751953,20.620992237597,7.29,20.1,40,NA,2.70000004768372,98.7022018432617,5.30636601507814,2325.92676902765,14.88,0.522271866392275,54.801,45.199
CN,China,2008,5.92525137041095,-2.30561534258843,4.59000015258789,42.2690268131211,51.7875934672198,7581.45351258344,7630,73.835,65.0650024414063,21.325744894543,7.3074,18.5,40,18,3.63000011444092,98.9505767822266,5.43507562169489,2446.36905458402,14.14,0.51238693163744,53.461,46.539
CN,China,2009,-0.728165250932952,5.53112290871345,4.71999979019165,45.3562358300454,50.373040629135,8305.76018512426,8290,74.119,64.3489990234375,21.325744894543,7.3248,17,37,NA,3.75,99.2089004516602,5.79831875382626,2612.45662004417,13.43,0.497381400884935,52.12,47.88
CN,China,2010,3.17532475269199,-1.00240121396208,4.53000020980835,46.5561547048834,51.3267166370595,9254.77960342973,9220,74.409,63.6259994506836,21.325744894543,7.3422,15.8,36,13.9,3.75,99.6999969482422,6.33541769065302,2943.58995443689,12.26,0.482959688678361,50.774,49.226
CN,China,2011,5.55389892257492,-1.40242874651321,4.55000019073486,46.6601210962037,49.2333302092041,10292.9404780675,10200,74.708,63.8160018920898,21.3230355943586,7.3596,14.6,34,10.2,3.52196002006531,99.8487243652344,6.90134442946652,3295.78486805176,11.34,0.546457594880274,49.489,50.511
CN,China,2012,2.61952432645544,3.58520352942164,4.57000017166138,46.2252655950979,48.6653631958681,11168.6972979775,11140,75.013,63.6809997558594,21.3230355943586,7.377,13.5,33,8.5,4.07742977142334,99.9619293212891,7.04618267539082,3466.01953935563,11.53,0.678345458846803,48.235,51.765
CN,China,2013,2.62105001748115,3.75538705522002,4.59000015258789,46.3989493360759,47.3783909245559,11872.4973811617,11780,75.321,63.5670013427734,23.40140609307,7.4286,12.5,32,2.9,3.85250997543335,99.9964447021484,7.32414711459464,3757.18508846571,11.45,0.666072977690069,46.987,53.013
CN,China,2014,1.92164162788521,4.52230843223192,4.6100001335144,45.8239527573535,47.61581833679,12480.3385303781,12500,75.629,63.568000793457,23.40140609307,7.4802,11.6,31,2.1,3.72663998603821,100,7.29423550644745,3905.31759800563,11.94,0.630326389541893,45.741,54.259
CN,China,2015,1.43702380935655,4.35307225209355,4.63000011444092,43.2348066562247,45.4175892293836,12897.5022868592,12840,75.928,63.564998626709,23.6228455559311,7.5318,10.7,30,1.2,3.82487010955811,100,7.14644935672822,NA,12.18,0.581456146657648,44.5,55.5
CN,China,2016,2.00000182191941,2.90181538915314,4.53000020980835,42.6313769323417,44.3806611564212,13483.3772665319,13420,76.21,63.4679985046387,23.6228455559311,7.5834,9.9,29,0.8,3.79362010955811,100,7.11538500511605,NA,12.56,0.573050906069647,43.264,56.736
CN,China,2017,1.59313600071434,0.112553973005713,4.44000005722046,43.0132973858151,44.9050468621923,14243.5326108491,14220,76.47,63.2919998168945,24.2476060191518,7.635,9.2,29,0.7,3.66744995117188,100,7.23098503140634,NA,13.13,0.605245013482969,42.04,57.96
CN,China,2018,2.07479039965578,0.821501871968533,4.28000020980835,43.7934751722352,44.4857478732542,15495.5484221015,15430,76.704,63.1139984130859,24.8993288590604,7.643,8.5,NA,0.4,3.54249000549316,100,7.48733189390915,NA,13.71,0.467672053461959,40.848,59.152
CN,China,2019,2.89923416358227,3.02438482061574,4.51999998092651,43.2511056433479,43.7730281148428,16652.0988008531,16610,76.912,63.0139999389648,24.9411764705882,7.651,7.9,NA,0.1,3.53999996185303,100,7.60593696057347,NA,14.45,0.354740890170827,39.692,60.308
CN,China,2020,2.4194218945778,3.83968157657552,5,43.3666743293734,44.0163989788361,17189.281794248,17070,77.097,61.818000793457,24.9411764705882,7.659,7.3,NA,NA,3.5699999332428,100,NA,NA,NA,0.238040870229883,38.572,61.428
CN,China,2021,0.981015135544851,-0.0208743174097889,4.81699991226196,NA,NA,19338.234084501,19170,NA,61.6119995117188,24.9411764705882,NA,NA,NA,NA,NA,NA,NA,NA,NA,0.0892522000412526,37.488,62.512
IN,India,1960,1.77987784677379,NA,NA,17.9313352865365,NA,NA,NA,41.422,NA,NA,103.921,242.6,NA,NA,NA,NA,NA,NA,NA,NA,82.076,17.924
IN,India,1961,1.69521293914439,NA,NA,19.2621458305748,NA,NA,NA,42.027,NA,NA,104.093,239.2,NA,NA,NA,NA,NA,NA,NA,1.99843884537632,81.968,18.032
IN,India,1962,3.63221497106987,NA,NA,18.1075707706245,NA,NA,NA,42.637,NA,NA,104.265,235.9,NA,NA,NA,NA,NA,NA,NA,2.03190544954417,81.782,18.218
IN,India,1963,2.94616135685227,NA,NA,18.9954571073478,NA,NA,NA,43.252,NA,NA,104.7644,232.9,NA,NA,NA,NA,NA,NA,NA,2.05691021748545,81.595,18.405
IN,India,1964,13.3552611508153,NA,NA,19.5298284931731,NA,NA,NA,43.873,NA,NA,105.2638,230,NA,NA,NA,NA,NA,NA,NA,2.07154436184734,81.405,18.595
IN,India,1965,9.47475859170697,NA,NA,20.0572229946494,NA,NA,NA,44.5,NA,NA,105.7632,227.2,NA,NA,NA,NA,NA,NA,NA,2.08013284648118,81.215,18.785
IN,India,1966,10.8018483489341,NA,NA,18.3580138166837,NA,NA,NA,45.136,NA,NA,106.2626,224.5,NA,NA,NA,NA,NA,NA,NA,2.08347176787135,81.023,18.977
IN,India,1967,13.0622024777969,NA,NA,18.1975444704142,NA,NA,NA,45.779,NA,NA,106.762,221.8,NA,NA,NA,NA,NA,NA,NA,2.09109222059966,80.829,19.171
IN,India,1968,3.23741242627508,NA,NA,17.7422497493726,NA,NA,NA,46.428,NA,NA,107.2806,219.2,NA,NA,NA,NA,NA,NA,NA,2.11303702650616,80.634,19.366
IN,India,1969,-0.584136610466297,NA,NA,17.6400952350816,NA,NA,NA,47.081,NA,NA,107.7992,216.5,NA,NA,NA,NA,NA,NA,NA,2.1535391601658,80.438,19.562
IN,India,1970,5.09226161997544,NA,NA,18.2114387329606,NA,NA,NA,47.737,NA,NA,108.3178,213.6,NA,NA,NA,NA,NA,NA,NA,2.20454145954039,80.24,19.76
IN,India,1971,3.07993868406547,NA,NA,19.2036157433701,NA,NA,NA,48.398,NA,NA,108.8364,210.4,NA,NA,NA,NA,NA,97.7727182140443,NA,2.2579002465274,80.009,19.991
IN,India,1972,6.44209746158235,NA,NA,19.5484319397646,NA,NA,NA,49.061,NA,NA,109.355,207,NA,NA,NA,NA,NA,100.305073805138,NA,2.30118919711835,79.679,20.321
IN,India,1973,16.9408159791736,NA,NA,18.7007586479427,NA,NA,NA,49.722,NA,NA,109.1486,203.2,NA,NA,NA,NA,NA,100.632154133576,NA,2.32740785532689,79.347,20.653
IN,India,1974,28.598734077509,NA,NA,22.5115175742994,NA,NA,NA,50.374,NA,NA,108.9422,199.1,NA,NA,NA,NA,NA,103.992657915658,NA,2.331906416989,79.009,20.991
IN,India,1975,5.74843029767432,NA,NA,19.5451062648341,13.0980930037309,NA,NA,51.012,NA,NA,108.7358,194.6,NA,NA,NA,NA,NA,114.558927586439,NA,2.32176046659916,78.668,21.332
IN,India,1976,-7.63394763392876,NA,NA,19.4192719578301,15.9655980755254,NA,NA,51.63,NA,NA,108.5294,189.7,NA,NA,NA,NA,NA,124.123691560131,NA,2.30466374302148,78.323,21.677
IN,India,1977,8.30747009171162,NA,NA,21.0956125472848,15.4049753419246,NA,NA,52.222,NA,NA,108.323,184.5,NA,63.1,NA,NA,NA,126.256733956882,NA,2.29129960804159,77.974,22.026
IN,India,1978,2.52304875695182,10.7746313302481,NA,22.6507207546868,15.0582567245161,NA,NA,52.786,NA,NA,108.5496,179.1,NA,NA,NA,NA,NA,135.917640666312,NA,2.28678059222202,77.621,22.379
IN,India,1979,6.27568336762338,-1.06114574577495,NA,23.5953767441188,15.7689874864086,NA,NA,53.319,NA,NA,108.7762,173.6,NA,NA,NA,NA,NA,135.741773749241,NA,2.29489352994069,77.264,22.736
IN,India,1980,11.3460734795094,4.47650826090093,NA,19.5550034544352,14.5257561357733,NA,NA,53.814,NA,NA,109.0028,168.1,NA,NA,NA,NA,NA,141.707701516919,NA,2.30952194342461,76.902,23.098
IN,India,1981,13.112546897642,5.11823674143201,NA,25.5601376265736,15.8078802587872,NA,NA,54.268,NA,NA,109.2294,163,NA,NA,NA,NA,NA,151.87905876645,NA,2.32375872660672,76.583,23.417
IN,India,1982,7.8907427937749,7.77470724439598,NA,25.1341943149186,15.8059883873655,NA,NA,54.686,NA,NA,109.456,158.2,NA,NA,NA,NA,NA,158.099911731339,NA,2.32867883881868,76.353,23.647
IN,India,1983,11.8680812986734,7.32098668508481,NA,21.039572118499,15.3547486878875,NA,NA,55.074,NA,NA,108.7666,153.8,NA,56.3,NA,NA,NA,165.687486017854,NA,2.32038836842355,76.121,23.879
IN,India,1984,8.3189071186007,7.94709992039818,NA,23.2914173032368,15.7955632828345,NA,NA,55.441,NA,NA,108.0772,149.7,NA,NA,NA,NA,NA,183.301872328043,NA,2.29580550167873,75.887,24.113
IN,India,1985,5.55642423236555,8.68167358478664,NA,26.446076903013,16.7983096111928,NA,NA,55.801,NA,NA,107.3878,145.7,NA,NA,NA,NA,NA,193.534853482561,NA,2.2598531720675,75.652,24.348
IN,India,1986,8.72972072702588,9.09322414508824,NA,26.0656839397255,15.7885060289593,NA,NA,56.169,NA,NA,106.6984,141.7,NA,NA,NA,NA,NA,207.976493040153,NA,2.22096331107836,75.415,24.585
IN,India,1987,8.80112581251833,6.56018009415452,NA,25.8271313054095,16.9825251034946,NA,NA,56.553,NA,NA,106.009,137.8,NA,50.6,NA,NA,NA,220.22074301867,NA,2.18388290218926,75.177,24.823
IN,India,1988,9.38347186185332,7.63863299594509,NA,26.2826349946007,18.1568112463891,NA,NA,56.963,NA,NA,103.6024,133.8,NA,NA,NA,NA,NA,240.025618717336,NA,2.14675979930959,74.937,25.063
IN,India,1989,7.07428002942298,7.43584324824212,NA,26.8610369133862,20.1444385248965,NA,NA,57.4,NA,NA,101.1958,129.9,NA,NA,NA,NA,NA,257.039737106414,NA,2.11086510393004,74.695,25.305
IN,India,1990,8.97123250273256,5.26952699827423,NA,27.3361977013715,21.213563235421798,1200.34553519376,1180,57.865,30.443000793457,NA,98.7892,126.2,NA,NA,NA,NA,0.645361648544554,272.063483432263,58.652858348278,2.07608920383876,74.453,25.547
IN,India,1991,13.8702461773683,3.62471659411946,5.59899997711182,25.1405052776852,21.7599660966497,1228.73281585346,1210,58.353,30.4529991149902,NA,96.3826,122.7,NA,NA,NA,NA,0.681306246656342,290.899579857445,57.6047933357271,2.03972873553563,74.222,25.778
IN,India,1992,11.7878170418135,9.13274940718732,5.72700023651123,27.4402041551128,23.2467998265247,1299.34309113047,1280,58.851,30.4930000305176,NA,93.976,119.3,NA,NA,NA,NA,0.688755269235149,304.431830526134,57.2305674845727,2.0031786237708,74.016,25.984
IN,India,1993,6.32689048779867,5.81477651403259,5.69099998474121,22.7164105117945,24.0830767113128,1366.14524967064,1350,59.349,30.5699996948242,NA,90.5516,116,NA,47.6,NA,50.9,0.702336947126766,320.550744825125,56.9833633428903,1.97063498652535,73.809,26.191
IN,India,1994,10.2479355556119,4.33710973165325,5.73899984359741,26.3101665544278,25.951000892873,1459.59063608664,1440,59.84,30.6919994354248,NA,87.1272,112.7,NA,NA,NA,49.8113098144531,0.725358157831311,341.231362340387,55.5571874605853,1.94324392219027,73.601,26.399
IN,India,1995,10.2248861637545,5.86417811281615,5.75500011444092,29.1523371507615,26.9673908161413,1572.60291783078,1560,60.32,30.6560001373291,NA,83.7028,109.4,NA,NA,NA,51.4087753295898,0.765476409326506,358.762212881689,54.4841170038941,1.91894065925812,73.393,26.607
IN,India,1996,8.97715233826453,7.79299430170532,5.73999977111816,22.7592531811153,27.0479336644212,1689.96068054275,1670,60.783,30.621000289917,NA,80.2784,106,NA,NA,NA,53.0035209655762,0.787965577544535,359.816270699348,53.767409699754,1.89521957676734,73.183,26.817
IN,India,1997,7.16425211462723,6.90957899163785,5.61299991607666,25.6927329061003,27.5504324876357,1755.59969520543,1740,61.233,30.5839996337891,7.15596330275229,76.854,102.5,NA,NA,3.3613600730896,54.5948638916016,0.818533297113665,375.485052938774,52.4880731033173,1.8691720025447,72.972,27.028
IN,India,1998,13.2308389767977,5.1212763300933,5.66599988937378,24.9753699425285,25.8895037153077,1850.79179914745,1840,61.669,30.5480003356934,8.10313075506446,73.515,98.9,NA,NA,3.57256007194519,56.1821327209473,0.820287851108179,385.863985847439,52.7122557076625,1.83965876360636,72.76,27.24
IN,India,1999,4.66982038037589,9.19124732467082,5.73600006103516,30.9580879682197,25.6375365050134,2006.34269713603,1990,62.093,30.511999130249,8.44036697247707,70.176,95.3,NA,NA,4.41539001464844,60.1,0.868284687641883,392.039692990071,51.7172937036599,1.80555973688001,72.547,27.453
IN,India,2000,4.0094359104519,8.34261083012153,5.56099987030029,25.6773166834442,26.1190273150086,2093.2659895522,2070,62.505,30.4769992828369,9.00735294117647,66.837,91.7,370,NA,4.32479000091553,58.7214736938477,0.887641212003517,393.646247811898,46.88,1.76812551036934,72.333,27.667
IN,India,2001,3.77929312235641,8.59144929618339,5.57600021362305,29.9078889829133,26.2598790270655,2205.22504060893,2190,62.907,30.7709999084473,8.83977900552486,63.498,88.1,354,NA,NA,55.7999992370605,0.887013875926229,393.810198122643,47.11,1.72876856952673,72.082,27.918
IN,India,2002,4.29715203929562,7.90717719010452,5.53000020980835,30.2513001211057,28.1114855753156,2285.83900969551,2270,63.304,31.0650005340576,8.83977900552486,60.159,84.5,336,NA,NA,62.2999992370605,0.901339541648522,410.644783909356,45.75,1.68956166096073,71.756,28.244
IN,India,2003,3.80585899528852,7.30788115953461,5.64300012588501,30.8396999425925,30.4709665405209,2472.99367273853,2450,63.699,31.3619995117188,8.83977900552486,57.039,81.1,319,NA,3.61340999603271,64.0474853515625,0.91025546626921106,430.483163325867,45.63,1.65149126857663,71.428,28.572
IN,India,2004,3.7672517347751,4.91012830381202,5.62900018692017,35.0964917014107,33.3325712414352,2696.65922439543,2680,64.095,31.6580009460449,8.25688073394496,53.919,77.8,303,39.9,3.35254001617432,64.4000015258789,0.96109020095844,451.611546107878,44.92,1.61530829494259,71.097,28.903
IN,India,2005,4.24634362031927,4.85514517245753,5.61299991607666,37.4282640174608,34.4180229036305,2954.5460525346,2930,64.5,31.9549999237061,8.28729281767956,50.799,74.4,286,NA,3.18875002861023,67.5798110961914,0.990292909581993,468.025754019185,44.16,1.57970914338086,70.765,29.235
IN,India,2006,5.79652337561635,2.57060670201817,5.60099983215332,38.9985063718954,36.3605321108703,3240.73655496441,3220,64.918,30.7119998931885,8.25688073394496,47.679,71.1,270,NA,3.1428499221801802,67.9000015258789,1.0426634532911,509.214054753734,43.16,1.5456964390645,70.431,29.569
IN,India,2007,6.37288135593229,5.68184406332425,5.57200002670288,41.9507982275664,37.0113915056158,3529.62080972366,3510,65.35,29.4899997711182,9.05730129390018,44.559,67.9,255,NA,NA,71.1198654174805,1.12975768280879,541.73839519579,41.53,1.50922198555755,70.094,29.906
IN,India,2008,8.34926704907581,3.77175624975725,5.41400003433228,38.4224196526476,36.2540811295104,3654.42750811058,3630,65.794,28.2900009155273,9.05730129390018,41.2576,64.6,240,NA,NA,72.8993835449219,1.18632121001379,561.247581414481,39.37,1.46488991482359,69.754,30.246
IN,India,2009,10.8823529411765,4.80859210832915,5.54400014877319,39.2567917555943,35.6174386433649,3911.43428077764,3890,66.244,27.1140003204346,10.8256880733945,37.9562,61.4,225,32.9,3.27824997901917,75,1.28508361160037,598.498241908181,37.41,1.41058271379931,69.413,30.587
IN,India,2010,11.9893899204243,-1.98385922230245,5.5460000038147,39.7856241738856,36.3058753820012,4237.20878809501,4190,66.693,25.9650001525879,10.8256880733945,34.6548,58.2,210,NA,3.377690076828,76.3000030517578,1.34489614702866,640.394606751363,36.16,1.35033831370532,69.07,30.93
IN,India,2011,8.9117933648337,1.31797970849672,5.42600011825562,39.5904214421434,35.131796539903704,4493.6694656757,4450,67.13,24.5090007781982,11.0091743119266,31.3534,55,197,22.5,3.79618000984192,67.5999984741211,1.40506833301091,696.842681452116,35.01,1.28851296178524,68.724,31.276
IN,India,2012,9.47899691419793,2.47352165613743,5.41400003433228,38.3474156730201,35.2612917940085,4861.15615236202,4800,67.545,23.0990009307861,11.0091743119266,28.052,52,185,NA,3.8675000667572,79.9000015258789,1.50850825170152,723.236916567989,34.75,1.23148489388617,68.366,31.634
IN,India,2013,10.0178784746103,3.86599286270871,5.42399978637695,34.0232020837191,34.3046563330021,5057.23341374821,4990,67.931,22.6499996185303,11.0091743119266,25.077,49,175,NA,3.84467005729675,81.9993286132813,1.53994783935657,764.201134144621,34.85,1.18290421490412,67.997,32.003
IN,India,2014,6.665656718679,6.69517609043592,5.43599987030029,34.2678056156731,33.4660242231467,5233.88234251319,5170,68.286,22.2080001831055,11.4180478821363,22.102,46.2,166,NA,NA,83.8724975585938,1.65723127096964,804.5163492833,33.85,1.14567340150608,67.616,32.384
IN,India,2015,4.90697344127254,7.55648841353986,5.43499994277954,32.116730135846304,32.4539249030912,5464.85917800941,5400,68.607,21.7749996185303,11.9705340699816,19.127,43.5,158,18.7,4.11457014083862,88,1.64715191355484,NA,33.4,1.11689591278599,67.223,32.777
IN,India,2016,4.94821634062142,6.2327114148242,5.4229998588562,30.1726916705577,30.8305755075872,5839.86481675337,5720,68.897,21.3509998321533,11.9705340699816,16.152,41,150,18.1,4.25407981872559,89.2177963256836,1.6573963079756,NA,33.02,1.09045932094686,66.818,33.182
IN,India,2017,3.32817337461301,5.32760886237311,5.35799980163574,30.9821757629795,31.7067543028189,6182.92210857444,6120,69.165,20.9340000152588,11.8081180811808,13.177,38.6,145,13.4,4.30544996261597,92.1249465942383,1.7333608444622,NA,32.41,1.06335942989132,66.4,33.6
IN,India,2018,3.93882646691634,5.36166638954869,5.32999992370605,32.3432182059831,31.4104921569866,6669.62278430014,6600,69.416,20.5259990692139,11.8081180811808,12.0708,36.3,NA,11.1,4.36373996734619,95.6999969482422,1.8126964996263,NA,32.82,1.03782784787162,65.97,34.03
IN,India,2019,3.72950573539126,6.91029345061226,5.26999998092651,30.2210173236751,29.6977504971086,6971.68727647826,6900,69.656,21.1790008544922,14.3911439114391,10.9646,34.4,NA,10,4.40722990036011,97.3082656860352,1.79762011876852,NA,32.93,1.01326124930492,65.528,34.472
IN,India,2020,6.62343677628532,3.36084267990636,7.99700021743774,27.8963066951088,28.5385080489671,6525.42805209485,6440,69.887,18.6030006408691,14.3646408839779,9.8584,32.6,NA,NA,4.47422981262207,99,NA,NA,NA,0.989413800188014,65.074,34.926
IN,India,2021,5.13140747176369,-0.823544729247831,5.97800016403198,31.1973628091831,30.2315299151841,7333.505611842,7220,NA,19.2329998016357,14.4444444444444,NA,NA,NA,NA,NA,NA,NA,NA,NA,0.966660959674886,64.607,35.393
RU,Russian Federation,1960,NA,NA,NA,NA,NA,NA,NA,66.0552926829268,NA,NA,27.8518,NA,NA,NA,NA,NA,NA,NA,NA,NA,46.269,53.731
RU,Russian Federation,1961,NA,NA,NA,NA,NA,NA,NA,66.5970243902439,NA,NA,28.1344,NA,NA,NA,NA,NA,NA,NA,NA,1.11060183638626,45.374,54.626
RU,Russian Federation,1962,NA,NA,NA,NA,NA,NA,NA,67.0214146341464,NA,NA,28.417,NA,NA,NA,NA,NA,NA,NA,NA,1.11145521122451,44.482,55.518
RU,Russian Federation,1963,NA,NA,NA,NA,NA,NA,NA,67.3399024390244,NA,NA,28.0364,NA,NA,NA,NA,NA,NA,NA,NA,1.11053215737069,43.592,56.408
RU,Russian Federation,1964,NA,NA,NA,NA,NA,NA,NA,67.566512195122,NA,NA,27.6558,NA,NA,NA,NA,NA,NA,NA,NA,1.11110025764706,42.706,57.294
RU,Russian Federation,1965,NA,NA,NA,NA,NA,NA,NA,67.7188536585366,NA,NA,27.2752,NA,NA,NA,NA,NA,NA,NA,NA,1.11072584654368,41.827,58.173
RU,Russian Federation,1966,NA,NA,NA,NA,NA,NA,NA,67.812512195122,NA,NA,26.8946,NA,NA,NA,NA,NA,NA,NA,NA,0.568815874401956,40.952,59.048
RU,Russian Federation,1967,NA,NA,NA,NA,NA,NA,NA,67.8601463414634,NA,NA,26.514,NA,NA,NA,NA,NA,NA,NA,NA,0.569499004627627,40.082,59.918
RU,Russian Federation,1968,NA,NA,NA,NA,NA,NA,NA,67.8743414634146,NA,NA,27.6366,NA,NA,NA,NA,NA,NA,NA,NA,0.5693766257186,39.217,60.783
RU,Russian Federation,1969,NA,NA,NA,NA,NA,NA,NA,67.8671219512195,NA,NA,28.7592,NA,NA,NA,NA,NA,NA,NA,NA,0.569238017722672,38.362,61.638
RU,Russian Federation,1970,NA,NA,NA,NA,NA,NA,NA,68.1336585365854,NA,NA,29.8818,37.8,NA,NA,NA,NA,NA,NA,NA,0.569083468255144,37.529,62.471
RU,Russian Federation,1971,NA,NA,NA,NA,NA,NA,NA,68.3765853658537,NA,NA,31.0044,36.3,NA,NA,NA,NA,NA,NA,NA,0.574250600262548,36.722,63.278
RU,Russian Federation,1972,NA,NA,NA,NA,NA,NA,NA,68.3085365853659,NA,NA,32.127,34.8,NA,NA,NA,NA,NA,NA,NA,0.57324610343637,35.922,64.078
RU,Russian Federation,1973,NA,NA,NA,NA,NA,NA,NA,68.2946341463415,NA,NA,33.626,33.4,NA,NA,NA,NA,NA,NA,NA,0.574501349565654,35.131,64.869
RU,Russian Federation,1974,NA,NA,NA,NA,NA,NA,NA,68.320243902439,NA,NA,35.125,32.1,NA,NA,NA,NA,NA,NA,NA,0.573468037351157,34.348,65.652
RU,Russian Federation,1975,NA,NA,NA,NA,NA,NA,NA,67.7239024390244,NA,NA,36.624,31,NA,NA,NA,NA,NA,NA,NA,0.57392397627093406,33.573,66.427
RU,Russian Federation,1976,NA,NA,NA,NA,NA,NA,NA,67.4875609756098,NA,NA,38.123,30.1,NA,NA,NA,NA,NA,NA,NA,0.703185038023715,32.806,67.194
RU,Russian Federation,1977,NA,NA,NA,NA,NA,NA,NA,67.3763414634146,NA,NA,39.622,29.4,NA,NA,NA,NA,NA,NA,NA,0.70268347396018,32.05,67.95
RU,Russian Federation,1978,NA,NA,NA,NA,NA,NA,NA,67.3909756097561,NA,NA,40.7534,28.7,NA,NA,NA,NA,NA,NA,NA,0.702887650025717,31.302,68.698
RU,Russian Federation,1979,NA,NA,NA,NA,NA,NA,NA,67.1143902439024,NA,NA,41.8848,28.1,NA,NA,NA,NA,NA,NA,NA,0.703053203604969,30.695,69.305
RU,Russian Federation,1980,NA,NA,NA,NA,NA,NA,NA,67.0339024390244,NA,NA,43.0162,27.6,NA,NA,NA,NA,NA,NA,NA,0.709655479527404,30.249,69.751
RU,Russian Federation,1981,NA,NA,NA,NA,NA,NA,NA,67.2639024390244,NA,NA,44.1476,27.1,NA,NA,NA,NA,NA,NA,NA,0.667503222289735,29.807,70.193
RU,Russian Federation,1982,NA,NA,NA,NA,NA,NA,NA,67.8060975609756,NA,NA,45.279,26.6,NA,NA,NA,NA,NA,NA,NA,0.628287744424107,29.369,70.631
RU,Russian Federation,1983,NA,NA,NA,NA,NA,NA,NA,67.6526829268293,NA,NA,46.0596,26.1,NA,NA,NA,NA,NA,NA,NA,0.598250932058307,28.934,71.066
RU,Russian Federation,1984,NA,NA,NA,NA,NA,NA,NA,67.2026829268293,NA,NA,46.8402,25.6,NA,NA,NA,NA,NA,NA,NA,0.757352967626051,28.503,71.497
RU,Russian Federation,1985,NA,NA,NA,NA,NA,NA,NA,67.8568292682927,NA,NA,47.6208,24.9,NA,NA,NA,NA,NA,NA,NA,0.776688028447148,28.077,71.923
RU,Russian Federation,1986,NA,NA,NA,NA,NA,NA,NA,69.389756097561,NA,NA,48.4014,24.2,NA,NA,NA,NA,NA,NA,NA,0.717573866435774,27.654,72.346
RU,Russian Federation,1987,NA,NA,NA,NA,NA,NA,NA,69.44,NA,NA,49.182,23.4,NA,NA,NA,NA,NA,NA,NA,0.697384550046896,27.235,72.765
RU,Russian Federation,1988,NA,NA,NA,27.2693243496163,NA,NA,NA,69.4643902439024,NA,NA,49.71,22.6,NA,NA,NA,NA,NA,NA,NA,0.648303809439665,26.819,73.181
RU,Russian Federation,1989,NA,NA,NA,33.8394415357766,NA,NA,NA,69.1717073170732,NA,NA,50.238,22,NA,NA,NA,NA,NA,NA,NA,0.586603532881112,26.602,73.398
RU,Russian Federation,1990,NA,NA,NA,30.1303942874884,NA,8027.7529296875,8010,68.8860975609756,57.7919998168945,NA,50.766,21.6,NA,NA,NA,100,14.6214683417634,6687.72701103006,3.75193925800565,0.168018341182166,26.606,73.394
RU,Russian Federation,1991,NA,NA,5.40500020980835,36.2674293886307,NA,7857.81591796875,7840,68.4743902439024,57.7980003356934,NA,51.294,21.5,NA,NA,NA,100,14.3970570928452,6551.29981615995,3.76696178427262,0.286681129515534,26.611,73.389
RU,Russian Federation,1992,NA,NA,5.17999982833862,34.6133613887428,NA,6862.3837890625,6800,66.8731707317073,57.939998626709,NA,51.822,21.6,NA,NA,NA,100,13.6719715266236,6113.67997148908,3.98054874944438,0.0969789790408762,26.615,73.385
RU,Russian Federation,1993,874.245720380188,NA,5.88000011444092,27.0071715934931,NA,6419.50927734375,6350,64.9358536585366,56.0550003051758,NA,48.4678,21.8,NA,NA,NA,100,12.6651319510735,5726.4515926869,4.03809588570318,-0.0534820276606834,26.619,73.381
RU,Russian Federation,1994,307.722635553193,NA,8.13000011444092,25.5374539500614,29.576019747851,5734.41015625,5710,64.4670731707317,54.1199989318848,NA,45.1136,21.9,NA,NA,NA,100,11.3541790143911,5188.21395452286,3.8668732862182,-0.0342679070319955,26.624,73.376
RU,Russian Federation,1995,197.414268084251,NA,9.44999980926514,25.4388784044713,28.0227088726174,5613.28076171875,5570,64.6907317073171,53.5709991455078,NA,41.7594,21.8,NA,NA,NA,100,11.0226205573555,5101.55339563591,3.87068140916737,-0.0216487632128753,26.628,73.372
RU,Russian Federation,1996,47.7520122009939,NA,9.67000007629395,23.6674001136852,27.1159226042149,5517.85888671875,5440,65.8541463414634,52.7379989624023,NA,38.4052,21.5,NA,NA,NA,100,10.8070910224437,5016.44406640602,3.6945259500588,-0.145451546598357,26.633,73.367
RU,Russian Federation,1997,14.761329268806,14.7604587974045,11.8100004196167,21.9763894687502,21.9453568046979,5699.94775390625,5580,66.6987804878049,51.7410011291504,10.2222222222222,35.051,21.2,NA,1.5,NA,100,10.070015649017,4935.61990495362,3.74598717663354,-0.165341653753189,26.637,73.363
RU,Russian Federation,1998,27.6856798076743,19.6160805582694,13.2600002288818,14.9641222334913,19.3235081435628,5465.05615234375,5230,67.029756097561,51.0779991149902,10.2222222222222,33.5634,20.7,NA,2.3,NA,100,10.076265322733,4848.02735251951,3.58503225106616,-0.165486143348056,26.641,73.359
RU,Russian Federation,1999,85.7464940960636,-18.9515529430941,13.039999961853,14.8303000466388,28.2459905455541,5914.326171875,5680,65.9821951219512,54.4570007324219,NA,32.0758,20.1,NA,4.4,NA,100,10.3503197260579,4998.82566135888,3.8208484349215,-0.309278191504336,26.646,73.354
RU,Russian Federation,2000,20.7987606558703,-9.63311144094157,10.5799999237061,18.6937601947688,36.1542075558736,6825.3916015625,6650,65.4836585365854,54.5550003051758,7.70975056689342,30.5882,19.3,56,3,2.93979001045227,100,10.6676903174515,5198.40570401268,3.5,-0.420614990249978,26.65,73.35
RU,Russian Federation,2001,21.4770072117159,1.22657850679028,8.97999954223633,21.9498173349418,32.5129186409687,7361.36376953125,7260,65.3834146341463,53.4199981689453,7.57238307349666,29.1006,18.3,53,1.8,3.10601997375488,100,10.7357704373229,5274.3633046315,3.62,-0.424090524785415,26.654,73.346
RU,Russian Federation,2002,15.7887307914462,0.0329353849571815,7.88000011444092,20.0295461890033,28.774776224551,8037.474609375,7880,65.1287804878049,54.431999206543,7.57238307349666,27.613,17.2,51,1,3.83502006530762,100,10.7726770525637,5304.41525955994,3.46,-0.460024258081391,26.659,73.341
RU,Russian Federation,2003,13.6632930228667,-0.600170683349488,8.21000003814697,20.858958480261,28.2662386299606,9254.537109375,8970,65.0275609756098,54.1860008239746,7.57238307349666,28.019,16.1,49,1.1,3.67853999137878,100,11.1304208934786,5478.13045818384,3.28,-0.453780668020263,26.627,73.373
RU,Russian Federation,2004,10.8886157326216,-7.32898586117018,7.76000022888184,20.9012750793662,30.2604397447226,10226.7666015625,10010,65.4709756097561,54.6669998168945,9.84340044742729,28.425,14.9,45,1,3.54786992073059,100,11.1127216423519,5633.84550039094,3.55,-0.402681471328549,26.582,73.418
RU,Russian Federation,2005,12.6853039507349,-7.2066899103981,7.11999988555908,20.0774969175315,30.5465771415635,11822.3466796875,11540,65.529756097561,55.1479988098145,9.84340044742729,28.831,13.8,42,0.8,3.77192997932434,100,11.231837384531,5770.10063642248,3.61,-0.381452794741516,26.537,73.463
RU,Russian Federation,2006,9.66865454789265,-4.07869183877499,7.05999994277954,21.1715918032687,30.6608760867486,14912.234375,14480,66.7275609756098,55.5219993591309,9.84340044742729,29.237,12.8,36,0.4,3.86626005172729,100,11.5683619356961,6098.53347618072,3.48,-0.327445270108383,26.492,73.508
RU,Russian Federation,2007,9.00729868861076,-3.34492661144464,6,24.1645140336108,31.2668554624625,16648.2421875,16280,67.5868292682927,56.1290016174316,14,29.643,11.9,32,0.2,NA,100,11.6112790219408,6286.04939176058,3.67,-0.17108203294568,26.447,73.553
RU,Russian Federation,2008,14.1107677840442,-4.9049620894464,6.21000003814697,25.5012197086864,30.0638814990687,20163.609375,19600,67.9492682926829,56.0620002746582,14,28.9984,11.2,30,0.1,4.10174989700317,100,11.5956459724526,6399.68374911202,3.31,-0.0439492591634852,26.402,73.598
RU,Russian Federation,2009,11.6473295764118,13.0799652855766,8.30000019073486,18.9263757355943,20.876203769442,19389.94140625,18760,68.6846341463415,56.201000213623,14,28.3538,10.7,27,0.1,NA,100,10.8321340724202,6095.38027602538,3.6,0.0301077605196216,26.358,73.642
RU,Russian Federation,2010,6.8493923025503,-2.95508373143389,7.36999988555908,22.6150505520224,26.2837145181733,20490.126953125,19860,68.8412195121951,55.8800010681152,14,27.7092,10.4,25,0.1,NA,100,11.3254181391469,6409.89436516487,3.34,0.0448957880908489,26.313,73.687
RU,Russian Federation,2011,8.44046485932559,-12.8569352916675,6.53999996185303,24.2607379312639,28.7575647007952,22798.673828125,22130,69.6839024390244,56.1300010681152,13.5555555555556,27.0646,10.1,23,0,NA,100,11.8849970218454,6485.759030014,3.23,0.077981777433695,26.268,73.732
RU,Russian Federation,2012,5.0747430079915,0.176416618592749,5.44000005722046,24.5536933545168,27.2441716302622,24303.47265625,23560,70.0721951219512,56.0639991760254,13.5555555555556,26.42,9.8,22,0,3.79310011863709,100,11.7020940674702,6617.1341613974,3.24,0.168305035277726,26.209,73.791
RU,Russian Federation,2013,6.75371026220953,3.93707019289954,5.46000003814697,23.2716819870194,24.2820963970257,26073.875,25170,70.5787804878049,55.7519989013672,13.5555555555556,25.2758,9.4,20,0,3.76382994651794,100,11.3770067703734,6539.20737452554,3.61,0.212950704549247,26.137,73.863
RU,Russian Federation,2014,7.82341183865503,3.39714683539547,5.15999984741211,22.3908642287739,24.5121808935619,25761.6484375,24910,70.7436585365854,55.6749992370605,13.5555555555556,24.1316,8.9,19,0,4.01387977600098,100,11.2082025675772,6602.65747938354,3.3,0.217642262118,26.05,73.95
RU,Russian Federation,2015,15.5344050528404,7.8945935741623,5.57000017166138,22.148725318159,26.3667091933687,24085.32421875,23420,71.1834146341463,55.4910011291504,13.5555555555556,22.9874,8.2,18,0,3.83402991294861,95.5,11.0520100720699,NA,3.2,0.192557946508244,25.95,74.05
RU,Russian Federation,2016,7.04244762954798,9.48435447314741,5.55999994277954,23.0954224731096,25.0134125291622,24128.0859375,23460,71.6512195121951,55.609001159668,12.6666666666667,21.8432,7.5,18,0,3.76044011116028,100,10.8874457691821,NA,3.36,0.170245238698228,25.836,74.164
RU,Russian Federation,2017,3.68332944412231,4.94560423051567,5.21000003814697,23.6067558621651,25.6686851451692,25926.443359375,25230,72.4514634146342,55.6559982299805,15.7777777777778,20.699,6.9,17,0,4.68990993499756,100,11.0351974713293,NA,3.25,0.106870569429971,25.708,74.292
RU,Russian Federation,2018,2.87829723647886,-1.02848259463135,4.84999990463257,21.9180891512463,28.9492687764903,28821.26171875,28120,72.6621951219512,55.8629989624023,15.7777777777778,19.6196,6.3,NA,0,4.67819976806641,100,11.4965712497165,NA,3.18,-0.0130668924933287,25.567,74.433
RU,Russian Federation,2019,4.47036660760175,5.31670925890999,4.5,22.6615137722235,26.5372774342874,30067.740234375,29120,73.0839024390244,55.3139991760254,15.7777777777778,18.5402,5.8,NA,0,NA,100,11.7972029330523,NA,3.22,-0.0495686654330689,25.413,74.587
RU,Russian Federation,2020,3.38165937237896,6.13097599810572,5.59000015258789,23.484069839063,26.3344629124412,29916.013671875,29210,71.3387804878049,55.1349983215332,15.7777777777778,17.4608,5.4,NA,0,NA,100,NA,NA,NA,-0.230950388878624,25.246,74.754
RU,Russian Federation,2021,6.69445891957619,-8.20916781339744,5.01000022888184,22.462198565239,29.6866166128263,32803.35546875,32000,NA,54.4889984130859,16.2222222222222,NA,NA,NA,NA,NA,NA,NA,NA,NA,-0.436200432159658,25.066,74.934
ZA,South Africa,1960,1.28885903549378,NA,NA,19.331092974876,27.8124499919984,NA,NA,48.406,NA,NA,79.2902,NA,NA,NA,NA,NA,NA,NA,NA,NA,53.381,46.619
ZA,South Africa,1961,2.10237396324093,5.20015217014785,NA,18.4673748103187,28.5735963581178,NA,NA,48.777,NA,NA,80.5886,NA,NA,NA,NA,NA,NA,NA,NA,2.45329121000306,53.207,46.793
ZA,South Africa,1962,1.24628537807019,6.01327427554114,NA,17.5178316690442,29.2154065620522,NA,NA,49.142,NA,NA,81.887,NA,NA,NA,NA,NA,NA,NA,NA,2.4864436372328,53.094,46.906
ZA,South Africa,1963,1.33796971443196,2.42327298268508,NA,21.2304914226751,30.8783696633548,NA,NA,49.509,NA,NA,83.2388,NA,NA,NA,NA,NA,NA,NA,NA,2.51421846436033,52.98,47.02
ZA,South Africa,1964,2.53497284090203,3.66787862046603,NA,22.3770491803279,29.4613583138148,NA,NA,49.888,NA,NA,84.5906,NA,NA,NA,NA,NA,NA,NA,NA,2.53578885308465,52.866,47.134
ZA,South Africa,1965,4.06902873532948,3.80007111536982,NA,24.1456882699518,30.2731655061564,NA,NA,50.284,NA,NA,85.9424,NA,NA,NA,NA,NA,NA,NA,NA,2.55249196447714,52.752,47.248
ZA,South Africa,1966,3.48923368982036,3.24620817713342,NA,22.0175352182051,30.3516894887172,NA,NA,50.705,NA,NA,87.2942,NA,NA,NA,NA,NA,NA,NA,NA,2.56383435010281,52.638,47.362
ZA,South Africa,1967,3.5389915328063,4.23187663472901,NA,24.3518272719228,32.0856561366217,NA,NA,51.148,NA,NA,88.646,NA,NA,NA,NA,NA,NA,NA,NA,2.57417082297943,52.524,47.476
ZA,South Africa,1968,1.98613552880713,4.24490738119758,NA,22.5392413342054,30.4610856769075,NA,NA,51.615,NA,NA,90.3342,NA,NA,NA,NA,NA,NA,NA,NA,2.58924653857616,52.41,47.59
ZA,South Africa,1969,3.23822451961745,0.571117250571696,NA,23.3151581243184,29.7637222828032,NA,NA,52.106,NA,NA,92.0224,NA,NA,NA,NA,NA,NA,NA,NA,2.61066291008042,52.296,47.704
ZA,South Africa,1970,4.99187711721287,3.32038734416104,NA,25.2837160200581,27.8173660596457,NA,NA,52.62,NA,NA,93.7106,NA,NA,NA,NA,NA,NA,NA,NA,2.63390275403819,52.191,47.809
ZA,South Africa,1971,5.95739773780426,2.7268323943752,NA,27.4128045867176,26.3557869803919,NA,NA,53.157,NA,NA,95.3988,NA,NA,NA,NA,NA,NA,2239.90321754456,NA,2.66241884919417,52.131,47.869
ZA,South Africa,1972,6.42570844638618,-1.74296022958178,NA,23.6548869786692,27.0822948600755,NA,NA,53.713,NA,NA,97.087,NA,NA,NA,NA,NA,NA,2389.2343441366,NA,2.68262076098061,52.071,47.929
ZA,South Africa,1973,9.43398734926114,-7.79257893924746,NA,24.0003465754018,30.4299841128968,NA,NA,54.281,NA,NA,98.4474,NA,NA,NA,NA,NA,NA,2503.64967471791,NA,2.67662237795734,52.011,47.989
ZA,South Africa,1974,11.7241259217023,-4.05071982393646,NA,27.230380827081,32.2581734034586,NA,NA,54.856,NA,NA,99.8078,130.5,NA,NA,NA,NA,NA,2629.5446418171,NA,2.63893034604451,51.951,48.049
ZA,South Africa,1975,13.4259418678705,0.763317780794167,NA,29.3539237314844,26.5344198594065,NA,NA,55.428,NA,NA,101.1682,123.7,NA,NA,NA,NA,NA,2749.17619176744,NA,2.58375539317461,51.891,48.109
ZA,South Africa,1976,11.0203906361099,1.77530130523867,NA,27.6695637593271,25.7524522818067,NA,NA,55.99,NA,NA,102.5286,117.2,NA,NA,NA,NA,NA,2885.40919592103,NA,2.51504504916692,51.831,48.169
ZA,South Africa,1977,11.1519640869289,2.0348155177755,NA,27.3036330424193,25.9970570326768,NA,NA,56.538,NA,NA,103.889,111.1,NA,NA,NA,NA,NA,2958.81014685482,NA,2.46209692186029,51.771,48.229
ZA,South Africa,1978,11.1356076531847,1.45165582025523,NA,24.7259114003031,26.4974596666362,NA,NA,57.071,NA,NA,105.3134,105.4,NA,NA,NA,NA,NA,3107.5981303046,NA,2.45462700812275,51.711,48.289
ZA,South Africa,1979,13.2936586533207,-3.47638137258392,NA,25.6066314996232,27.7881838037666,NA,NA,57.59,NA,NA,106.7378,100,NA,NA,NA,NA,NA,3329.46123998624,NA,2.50478966886089,51.651,48.349
ZA,South Africa,1980,13.6602406858852,-11.00901069391,NA,29.6839323922627,30.1373379115463,NA,NA,58.107,NA,NA,108.1622,95,NA,NA,NA,NA,NA,3519.27043852402,NA,2.58756192331853,51.575,48.425
ZA,South Africa,1981,15.2542442656564,2.32802852986955,NA,31.9039870808304,26.3184100692805,NA,NA,58.637,NA,NA,109.5866,90.2,NA,NA,NA,NA,NA,3678.88216364485,NA,2.68223299215836,51.409,48.591
ZA,South Africa,1982,14.6390324191598,4.1724335866739,NA,24.8177451863287,23.3183576326569,NA,NA,59.191,NA,NA,111.011,85.8,NA,NA,NA,NA,NA,3750.22619896063,NA,2.74833813238539,51.244,48.756
ZA,South Africa,1983,12.3032071438235,-0.343774615182157,NA,25.2647390862186,22.4308084686956,NA,NA,59.766,NA,NA,109.8582,81.7,NA,NA,NA,NA,NA,3789.53674613621,NA,2.7586176329123,51.078,48.922
ZA,South Africa,1984,11.5264813036766,10.0609392633632,NA,23.8013849065947,21.193888448756,NA,NA,60.353,NA,NA,108.7054,77.9,NA,NA,NA,NA,NA,4034.97463757147,NA,2.69872756742908,50.912,49.088
ZA,South Africa,1985,16.2942269399101,4.61121837055306,NA,20.720595298589,21.2593532079264,NA,NA,60.946,NA,NA,107.5526,74.4,NA,NA,NA,NA,NA,4117.79768679926,NA,2.59556411711072,50.628,49.372
ZA,South Africa,1986,18.6549189263064,-1.99176655710085,NA,19.8015726234653,20.0001757596212,NA,NA,61.54,NA,NA,106.3998,71.1,NA,NA,NA,NA,NA,4205.70172709804,NA,2.46958398508335,50.095,49.905
ZA,South Africa,1987,16.1605814426616,-2.04446707410394,NA,16.7239888069194,18.3156029205615,NA,NA,62.109,NA,NA,105.247,68.1,NA,NA,5.16433000564575,NA,NA,4175.11632767967,NA,2.36543686281871,49.561,50.439
ZA,South Africa,1988,12.7795448229904,-0.0758087440880889,NA,19.8647985515339,18.2771443914866,NA,NA,62.619,NA,NA,102.2614,65.3,NA,NA,5.29058980941772,NA,NA,4255.16094243154,NA,2.31478298607313,49.028,50.972
ZA,South Africa,1989,14.730918284745,2.35021610085894,NA,21.3094797014767,18.9887572043738,NA,NA,63.035,NA,NA,99.2758,62.9,NA,NA,4.85255002975464,NA,NA,4271.3264905571,NA,2.33472460951369,48.495,51.505
ZA,South Africa,1990,14.3209557277219,4.81141525707442,NA,18.2312412035802,14.5339652773022,7065.27034824747,6830,63.307,44.1660003662109,NA,96.2902,60.9,NA,NA,5.12579011917114,NA,6.7297985867423,4238.74594988596,16.6278217077773,2.39374625435413,47.963,52.037
ZA,South Africa,1991,15.334802353322,4.02749326213876,29.9549999237061,17.8354850806236,14.9190174194,7053.78221688179,6890,63.384,44.3250007629395,NA,93.3046,59.6,NA,NA,5.73734998703003,NA,6.42462176573729,4128.26952350108,17.4661188204403,2.46510514562486,47.446,52.554
ZA,South Africa,1992,13.8746803836057,3.65413735758883,29.9799995422363,15.7145549853145,14.7652720959094,6886.24771708699,6750,63.247,44.5009994506836,NA,90.319,58.9,NA,NA,NA,NA,6.1754299444638,3997.04069632123,18.3632170243738,2.49689496710636,46.962,53.038
ZA,South Africa,1993,9.71746732988991,2.46468782587434,29.9220008850098,14.161207817224,15.8181764582545,6963.37159108919,6840,62.894,44.693000793457,NA,87.672,59.1,NA,33.5,5.88602018356323,NA,6.21919387197085,4023.28782683568,18.585950063784,2.45495055524046,46.479,53.521
ZA,South Africa,1994,8.93852493545717,5.25546972667236,29.8889999389648,16.4704957860317,15.3713437553464,7171.32567672928,7060,62.331,44.9059982299805,NA,85.025,60.1,NA,NA,5.29777002334595,NA,6.21584707704685,4068.47825221444,18.5628815589559,2.32013486114781,45.996,54.004
ZA,South Africa,1995,8.6804442262446,6.36739524038955,29.8939990997314,17.7000132325077,16.7229228207332,7389.86964537462,7270,61.561,45.1380004882813,NA,82.378,61.7,NA,NA,NA,NA,6.37878956778421,4157.56814506194,18.1130796760271,2.12618227028646,45.514,54.486
ZA,South Africa,1996,7.3541133870696,10.6448093668748,29.8740005493164,16.5683988950434,15.6676393054154,7699.13640631981,7550,60.595,45.3489990234375,NA,79.731,63.8,NA,NA,5.04734992980957,57.6,6.48919188882026,4705.94841642861,17.4377706017221,1.92471788280064,45.033,54.967
ZA,South Africa,1997,8.59778263173684,10.9698989159021,29.9069995880127,16.2941004369842,14.8720970341234,7896.00044618612,7750,59.489,45.5690002441406,25,77.084,65.6,NA,NA,NA,69.4833526611328,6.7235893187073,4818.49868017312,17.1071913418366,1.75168731285425,44.551,55.449
ZA,South Africa,1998,6.88054637817292,12.6910336213851,29.94700050354,16.4278913701127,14.7707255356278,7897.15577634957,7730,58.315,45.8040008544922,28.75,74.8174,67.8,NA,NA,NA,64.9,6.78742369985948,4606.90460170569,17.272490038871,1.60336949278349,44.07,55.93
ZA,South Africa,1999,5.1814927974787,10.3950669798212,29.9130001068115,15.6550464913797,14.4134909390105,8079.26311352761,7910,57.144,46.056999206543,30,72.5508,70,NA,NA,5.29117012023926,71.331787109375,6.27918580379408,4470.96252649303,18.2213200307393,1.49124772255022,43.589,56.411
ZA,South Africa,2000,5.33895102929217,4.87058238653657,29.8799991607666,15.0602810875446,15.1071336017908,8488.86281006101,8310,56.048,46.3269996643066,29.8245614035088,70.2842,71.5,160,36.8,4.90881013870239,72.2824630737305,6.33031971183413,4579.95273186341,16.25,1.40902190052539,43.109,56.891
ZA,South Africa,2001,5.70190018305716,5.53834143339361,30.6900005340576,14.5737803066035,14.7598697827564,8796.41001568044,8550,55.089,46.5429992675781,29.8245614035088,68.0176,73.1,168,NA,4.63617992401123,70.1999969482422,7.03381726979225,4302.11822922125,15.62,1.33327746238591,42.632,57.368
ZA,South Africa,2002,9.49471070324861,2.85418551575979,33.2900009155273,15.036119660525,17.9462765907609,9147.72403788029,8950,54.31,46.7750015258789,29.8245614035088,65.751,74.3,177,NA,4.54569005966187,76.6999969482422,7.17905639969071,4528.81614714751,13.88,1.26392260814983,42.102,57.898
ZA,South Africa,2003,5.67941771099109,8.04784838936569,32.310001373291,15.6571145272722,18.385605467764,9486.54619343256,9260,53.749,47.0139999389648,29.8245614035088,66.0524,75.7,186,NA,4.35209989547729,78.8000030517578,7.55770590388477,4559.77384716944,13.05,1.22385352306713,41.554,58.446
ZA,South Africa,2004,-0.692030271024119,4.95038435886221,29.4500007629395,16.9603513170499,16.9812406326455,10061.597358289,9890,53.444,47.2389984130859,32.7787021630616,66.3538,77.7,195,NA,4.50897979736328,80.9000015258789,8.03504025839626,4589.9050592695,12.29,1.21776220298327,41.007,58.993
ZA,South Africa,2005,2.0628461650463,4.76148920296545,29.1200008392334,16.8318153447643,17.6981012644498,10790.3306426986,10610,53.447,47.4360008239746,32.75,66.6552,78.8,201,28.3,4.52449989318848,80.8000030517578,7.88732875805917,4636.93068141697,10.98,1.23774061841899,40.464,59.536
ZA,South Africa,2006,3.24390776468061,4.8103022796052,28.3400001525879,18.4902026867601,18.106630027696,11599.1031753165,11400,53.795,47.5810012817383,32.75,66.9566,79.2,201,NA,4.52651977539063,80.6999969482422,7.83242331870119,4721.93299558849,10.74,1.26362297174921,39.923,60.077
ZA,South Africa,2007,6.17780683499413,4.54604566856025,26.5400009155273,19.3259650755187,17.0070330852357,12390.0868190123,12030,54.452,47.6940002441406,33,67.258,75.3,199,NA,4.4466700553894,82,8.08350751423763,4851.69249381196,10.36,1.29149827532559,39.384,60.616
ZA,South Africa,2008,10.0745755249181,6.74515150291692,22.4099998474121,21.2872491181391,16.3236483913351,12857.9865106523,12490,55.36,47.7779998779297,33,68.2016,68.9,191,18.7,4.37424993515015,81.9000015258789,8.57260981463152,4665.17603882982,11.55,1.3341170229958,38.846,61.154
ZA,South Africa,2009,7.21531413612565,2.80250897674705,23.5200004577637,18.7669441984248,17.3774337290039,12565.2927743334,12310,56.46,46.1199989318848,44.5,69.1452,60.3,179,NA,4.76118993759155,82.5999984741211,8.00760560469438,4428.15425706747,10.97,1.39153543190923,38.313,61.687
ZA,South Africa,2010,4.08972989470472,3.49095978979672,24.6800003051758,17.5956446037105,17.1424075519202,12913.54048247,12660,57.669,44.5139999389648,44.5,70.0888,52,171,18.1,5.13497018814087,82.9000015258789,8.30408402665847,4542.59620644854,11.77,1.45528193348191,37.782,62.218
ZA,South Africa,2011,4.99926696965254,3.27930122317635,24.6399993896484,18.8532376550132,16.10205875399,13393.7668852316,13080,58.895,44.9169998168945,42.25,71.0324,45.6,161,NA,5.28898000717163,83.5999984741211,7.86981590630064,4566.32375363481,11.36,1.52451405625199,37.254,62.746
ZA,South Africa,2012,5.72465791678303,3.88287299810937,24.7299995422363,18.5845354435045,13.4973772040141,13215.7086791394,12880,60.06,45.1139984130859,42.25,71.976,41.5,143,NA,5.52323007583618,85.3000030517578,8.07795796874992,4366.03048883078,10.6,1.58135367305518,36.728,63.272
ZA,South Africa,2013,5.78446909667191,2.50924549715633,24.5599994659424,19.1687625943111,13.8378436838246,13606.9428955207,13280,61.099,46.076000213623,42.25,71.1624,39.3,133,NA,5.35071992874146,85.1999969482422,8.13826431249083,4285.64576702515,9.77,1.60436736931238,36.207,63.793
ZA,South Africa,2014,6.12983770287145,3.56702763012509,24.8899993896484,18.4879638168327,13.6817734164401,13602.102642918,13260,61.968,46.3040008544922,41.5,70.3488,37.6,128,20.5,5.48977994918823,85.9000015258789,8.21224115619332,4198.04611982095,9.85,1.58378739591921,35.688,64.312
ZA,South Africa,2015,4.54064227737914,3.66774283297157,25.1499996185303,18.6332066638376,14.288975935155,13701.9453895081,13390,62.649,47.5639991760254,42,69.5352,36.3,125,NA,5.48285007476807,85.3000030517578,7.66993766207339,NA,10.28,1.53224277341692,35.172,64.828
ZA,South Africa,2016,6.57139642173959,3.27825167845193,26.5400009155273,16.9604522948246,14.2879088248417,13748.4614158257,13400,63.153,47.5789985656738,42,68.7216,35.2,122,NA,5.4442400932312,83.9000015258789,7.56373949475165,NA,10.53,1.47193342939738,34.659,65.341
ZA,South Africa,2017,5.18424664766131,4.64731548547952,27.0400009155273,16.6107340612402,14.2437065990572,13860.2701664709,13480,63.538,48.4640007019043,41.8367346938776,67.908,34.6,119,NA,5.59867000579834,84.4000015258789,7.64167508636345,NA,10.45,1.41694725378631,34.15,65.85
ZA,South Africa,2018,4.51716522786587,5.89367782314695,26.9099998474121,16.5408962384226,13.5652342049116,14207.4328532031,13810,63.857,48.3699989318848,42.7480916030534,67.8488,33.9,NA,NA,5.64401006698608,84.6999969482422,7.51567860518136,NA,10.19,1.36370321600461,33.645,66.355
ZA,South Africa,2019,4.12024587014984,5.38333103959148,28.4699993133545,16.0211413339697,13.4657370755797,14288.589885661,13930,64.131,48.4529991149902,46.3476070528967,67.7896,33,NA,NA,5.9177098274231,85,7.5077360921292,NA,10.5,1.31629200967216,33.144,66.856
ZA,South Africa,2020,3.21003597454107,2.31312716119479,29.2199993133545,12.7455548611915,14.6490850370189,13359.4843319287,13140,64.379,44.0439987182617,46.75,67.7304,32.2,NA,NA,6.19288015365601,84.3855361938477,NA,NA,NA,1.27335626330668,32.646,67.354
ZA,South Africa,2021,4.61167217803201,-0.0959781838932127,33.5589981079102,12.9052039571891,17.5735777989607,14420.1743171499,14140,NA,46.2120018005371,46.5822784810127,NA,NA,NA,NA,NA,NA,NA,NA,NA,1.22884124473499,32.153,67.847
